,train,validation,test
R2,0.98071396,0.9812766,0.9816521
MAE,15.93408,16.119041,15.732686
MSE,403.11823,400.30066,387.18292
